{
  "DeleteData" : {
    "transaction" : "DeleteData",
    "sampleCount" : 2977,
    "errorCount" : 165,
    "errorPct" : 5.5424924,
    "meanResTime" : 781.926436009405,
    "medianResTime" : 367.0,
    "minResTime" : 0.0,
    "maxResTime" : 32965.0,
    "pct1ResTime" : 1443.0000000000014,
    "pct2ResTime" : 2354.5999999999985,
    "pct3ResTime" : 6127.639999999938,
    "throughput" : 8.548898435525741,
    "receivedKBytesPerSec" : 6.330238466202129,
    "sentKBytesPerSec" : 1.9051735130961542
  },
  "Total" : {
    "transaction" : "Total",
    "sampleCount" : 14890,
    "errorCount" : 359,
    "errorPct" : 2.411014,
    "meanResTime" : 10502.12149093354,
    "medianResTime" : 528.0,
    "minResTime" : 0.0,
    "maxResTime" : 352025.0,
    "pct1ResTime" : 36249.6,
    "pct2ResTime" : 68618.74999999991,
    "pct3ResTime" : 149753.74000000002,
    "throughput" : 41.33022824611609,
    "receivedKBytesPerSec" : 35.001683420929915,
    "sentKBytesPerSec" : 13.03383992672836
  },
  "CreateBooking " : {
    "transaction" : "CreateBooking ",
    "sampleCount" : 2978,
    "errorCount" : 7,
    "errorPct" : 0.23505709,
    "meanResTime" : 1507.5765614506386,
    "medianResTime" : 848.0,
    "minResTime" : 0.0,
    "maxResTime" : 58770.0,
    "pct1ResTime" : 2308.1,
    "pct2ResTime" : 3984.2499999999986,
    "pct3ResTime" : 25105.820000000007,
    "throughput" : 8.56337704163791,
    "receivedKBytesPerSec" : 7.9593522427464345,
    "sentKBytesPerSec" : 3.896188395912411
  },
  "GetBooking" : {
    "transaction" : "GetBooking",
    "sampleCount" : 2978,
    "errorCount" : 42,
    "errorPct" : 1.4103425,
    "meanResTime" : 840.5248488918719,
    "medianResTime" : 364.0,
    "minResTime" : 0.0,
    "maxResTime" : 33018.0,
    "pct1ResTime" : 1580.3999999999996,
    "pct2ResTime" : 2539.0499999999997,
    "pct3ResTime" : 6350.760000000013,
    "throughput" : 8.549683190886462,
    "receivedKBytesPerSec" : 7.712675679589282,
    "sentKBytesPerSec" : 1.414281140634824
  },
  "Login" : {
    "transaction" : "Login",
    "sampleCount" : 2979,
    "errorCount" : 18,
    "errorPct" : 0.6042296,
    "meanResTime" : 48549.82275931527,
    "medianResTime" : 36191.0,
    "minResTime" : 2834.0,
    "maxResTime" : 352025.0,
    "pct1ResTime" : 121813.0,
    "pct2ResTime" : 149746.0,
    "pct3ResTime" : 164375.3999999999,
    "throughput" : 8.34147693703431,
    "receivedKBytesPerSec" : 6.405994710274381,
    "sentKBytesPerSec" : 2.040381803175866
  },
  "UpdateBooking" : {
    "transaction" : "UpdateBooking",
    "sampleCount" : 2978,
    "errorCount" : 127,
    "errorPct" : 4.264607,
    "meanResTime" : 814.7165883143045,
    "medianResTime" : 370.0,
    "minResTime" : 0.0,
    "maxResTime" : 35323.0,
    "pct1ResTime" : 1518.3999999999996,
    "pct2ResTime" : 2409.2999999999984,
    "pct3ResTime" : 7150.42,
    "throughput" : 8.551107078352606,
    "receivedKBytesPerSec" : 7.647900543309721,
    "sentKBytesPerSec" : 4.180813300948432
  }
}